date,time,latitude,longitude,altitude (m)
01/05/2017,11:56:09,42.30986111111111,6.20625,403839.15625
01/05/2017,11:56:21,41.88280555555556,7.034694444444444,403745.03125
01/05/2017,11:56:34,41.41272222222222,7.9188888888888895,403642.9375
01/05/2017,11:56:46,40.97208333333334,8.722972222222221,403548.71875
01/05/2017,11:56:58,40.52525,9.515611111111111,403454.59375
01/05/2017,11:57:11,40.03433333333333,10.361611111111111,403352.84375
01/05/2017,11:57:23,39.57508333333334,11.131027777777778,403259.21875
01/05/2017,11:57:36,39.07116666666667,11.952305555555554,403158.25
01/05/2017,11:57:48,38.60027777777778,12.699277777777779,403065.53125
01/05/2017,11:58:00,38.124027777777776,13.435777777777778,402973.4375
01/05/2017,11:58:14,37.56188888888889,14.282055555555557,402866.875
01/05/2017,11:58:26,37.07461111111112,14.996583333333332,402776.375
01/05/2017,11:58:39,36.54127777777778,15.759527777777778,402679.40625
01/05/2017,11:58:51,36.04408333333333,16.453805555555554,402590.9375
01/05/2017,11:59:04,35.50033333333333,17.195305555555557,402496.375
01/05/2017,11:59:16,34.993805555555554,17.870194444444444,402410.34375
01/05/2017,11:59:28,34.48305555555556,18.53613888888889,402325.625
01/05/2017,11:59:41,33.92505555555555,19.24763888888889,402235.46875
01/05/2017,11:59:53,33.40586111111111,19.895527777777776,402153.84375
01/05/2017,12:00:05,32.882777777777775,20.535083333333336,402073.875
01/05/2017,12:00:18,32.31188888888889,21.21872222222222,401989.15625
01/05/2017,12:00:30,31.781166666666667,21.841527777777777,401912.90625
01/05/2017,12:00:42,31.246916666666667,22.456611111111112,401838.5625
01/05/2017,12:00:55,30.66436111111111,23.114444444444445,401760.3125
01/05/2017,12:01:07,30.12322222222222,23.714055555555554,401690.34375
01/05/2017,12:01:21,29.48788888888889,24.40461111111111,401611.5
01/05/2017,12:01:33,28.94,24.98902777777778,401546.46875
01/05/2017,12:01:46,28.343166666666665,25.614583333333336,401478.78125
01/05/2017,12:01:58,27.78927777777778,26.185222222222222,401418.9375
01/05/2017,12:02:10,27.232666666666663,26.74952777777778,401361.71875
01/05/2017,12:02:24,26.579944444444443,27.400138888888886,401298.40625
01/05/2017,12:02:38,25.923722222222224,28.04266666666667,401238.9375
01/05/2017,12:02:50,25.35863888888889,28.587166666666665,401191.125
01/05/2017,12:03:03,24.74377777777778,29.17077777777778,401142.75
01/05/2017,12:03:16,24.12625,29.748083333333334,401098.0
01/05/2017,12:03:29,23.506166666666665,30.31925,401057.03125
01/05/2017,12:03:41,22.931611111111113,30.841277777777776,401022.59375
01/05/2017,12:03:54,22.30686111111111,31.401305555555552,400989.09375
01/05/2017,12:04:06,21.728166666666667,31.913361111111108,400961.78125
01/05/2017,12:04:18,21.147583333333333,32.42088888888889,400937.9375
01/05/2017,12:04:32,20.46797222222222,33.00747222222222,400914.71875
01/05/2017,12:04:44,19.883583333333334,33.505694444444444,400898.78125
01/05/2017,12:04:57,19.24863888888889,34.04083333333333,400885.75
01/05/2017,12:05:11,18.56275,34.61205555555556,400876.71875
01/05/2017,12:05:23,17.97322222222222,35.09763888888889,400873.1875
01/05/2017,12:05:35,17.38225,35.57961111111111,400873.59375
01/05/2017,12:05:48,16.740472222222223,36.097861111111115,400878.59375
01/05/2017,12:06:00,16.146666666666665,36.57280555555556,400887.4375
01/05/2017,12:06:13,15.501972222222221,37.08377777777778,400901.6875
01/05/2017,12:06:25,14.905611111111112,37.552277777777775,400919.21875
01/05/2017,12:06:37,14.308111111111112,38.01788888888889,400940.96875
01/05/2017,12:06:51,13.609638888888888,38.55763888888889,400971.75
01/05/2017,12:07:03,13.009833333333333,39.01744444444444,401002.84375
01/05/2017,12:07:16,12.358944444444445,39.51275,401041.4375
01/05/2017,12:07:28,11.757166666666667,39.96752777777778,401081.6875
01/05/2017,12:07:41,11.104277777777778,40.45769444444445,401130.28125
01/05/2017,12:07:53,10.50075,40.90797222222222,401179.84375
01/05/2017,12:08:05,9.896472222222222,41.35627777777778,401233.875
01/05/2017,12:08:19,9.190583333333334,41.87697222222222,401302.6875
01/05/2017,12:08:33,8.483805555555556,42.39533333333333,401377.71875
01/05/2017,12:08:45,7.8773333333333335,42.83791666666667,401447.0
01/05/2017,12:08:59,7.169083333333334,43.35241666666667,401533.625
01/05/2017,12:09:12,6.510805555555556,43.828583333333334,401619.71875
01/05/2017,12:09:24,5.902694444444445,44.26683333333333,401704.0
01/05/2017,12:09:38,5.19275,44.776777777777774,401808.21875
01/05/2017,12:09:50,4.583833333333333,45.21280555555556,401902.5625
01/05/2017,12:10:02,3.9746111111111113,45.647999999999996,402001.5625
01/05/2017,12:10:16,3.2635,46.154805555555555,402122.9375
01/05/2017,12:10:29,2.6029444444444447,46.62466666666667,402241.25
01/05/2017,12:10:41,1.9930277777777778,47.05788888888888,402355.3125
01/05/2017,12:10:53,1.383,47.490722222222225,402473.96875
01/05/2017,12:11:07,0.6711944444444444,47.99536111111111,402618.21875
01/05/2017,12:11:19,0.06105555555555556,48.427749999999996,402746.8125
01/05/2017,12:11:33,-0.65075,48.93216666666667,402902.59375
01/05/2017,12:11:47,-1.3624722222222223,49.43672222222222,403064.5
01/05/2017,12:11:59,-1.972388888888889,49.86944444444445,403208.15625
01/05/2017,12:12:12,-2.6329444444444445,50.33861111111111,403368.8125
01/05/2017,12:12:24,-3.2424444444444447,50.772166666666664,403521.6875
01/05/2017,12:12:37,-3.9024722222222223,51.242472222222226,403692.25
01/05/2017,12:12:49,-4.511416666666666,51.677305555555556,403854.1875
01/05/2017,12:13:03,-5.221388888888889,52.18563888888889,404048.5
01/05/2017,12:13:15,-5.829527777777778,52.62233333333334,404219.65625
01/05/2017,12:13:28,-6.487805555555556,53.096611111111116,404409.78125
01/05/2017,12:13:40,-7.094972222222222,53.53561111111111,404589.53125
01/05/2017,12:13:52,-7.701555555555556,53.97588888888889,404773.375
01/05/2017,12:14:05,-8.358055555555556,54.45441666666667,404977.0
01/05/2017,12:14:17,-8.963388888888888,54.89769444444445,405169.0625
01/05/2017,12:14:31,-9.66875,55.41694444444444,405398.0
01/05/2017,12:14:43,-10.272555555555556,55.86388888888889,405598.34375
01/05/2017,12:14:56,-10.925777777777776,56.35022222222222,405819.53125
01/05/2017,12:15:08,-11.52788888888889,56.801249999999996,406027.46875
01/05/2017,12:15:20,-12.129083333333334,57.254416666666664,406238.9375
01/05/2017,12:15:33,-12.779333333333334,57.74788888888889,406471.9375
01/05/2017,12:15:45,-13.378527777777778,58.20586111111111,406690.53125
01/05/2017,12:15:58,-14.026472222222223,58.704861111111114,406931.03125
01/05/2017,12:16:10,-14.623444444444445,59.16825,407156.34375
01/05/2017,12:16:22,-15.219222222222223,59.634388888888886,407384.71875
01/05/2017,12:16:36,-15.912805555555556,60.18194444444444,407654.96875
01/05/2017,12:16:50,-16.60461111111111,60.73363888888889,407929.15625
01/05/2017,12:17:02,-17.19613888888889,61.20997222222223,408167.15625
01/05/2017,12:17:16,-17.88447222222222,61.769999999999996,408448.1875
01/05/2017,12:17:30,-18.570833333333333,62.33477777777778,408732.71875
01/05/2017,12:17:44,-19.255055555555554,62.904555555555554,409020.5
01/05/2017,12:17:56,-19.839805555555554,63.39711111111111,409269.6875
01/05/2017,12:18:08,-20.42286111111111,63.89363888888889,409521.03125
01/05/2017,12:18:22,-21.10086111111111,64.47816666666667,409816.90625
01/05/2017,12:18:36,-21.776416666666666,65.06855555555555,410115.40625
01/05/2017,12:18:50,-22.449333333333332,65.66505555555555,410416.375
01/05/2017,12:19:02,-23.023999999999997,66.18138888888889,410676.15625
01/05/2017,12:19:15,-23.644222222222222,66.74616666666667,410959.34375
01/05/2017,12:19:27,-24.21447222222222,67.27275,411222.21875
01/05/2017,12:19:39,-24.782527777777776,67.80444444444444,411486.375
01/05/2017,12:19:52,-25.395333333333333,68.38647222222222,411773.875
01/05/2017,12:20:04,-25.9585,68.92947222222223,412040.34375
01/05/2017,12:20:16,-26.519222222222222,69.47813888888889,412307.71875
01/05/2017,12:20:30,-27.17013888888889,70.12563888888889,412620.65625
01/05/2017,12:20:43,-27.77133333333333,70.73427777777778,412912.0
01/05/2017,12:20:55,-28.323416666666667,71.30258333333333,413181.46875
01/05/2017,12:21:07,-28.872666666666667,71.87730555555555,413451.3125
01/05/2017,12:21:20,-29.46436111111111,72.50738888888888,413743.875
01/05/2017,12:21:32,-30.007361111111113,73.09608333333333,414014.0625
01/05/2017,12:21:45,-30.592055555555554,73.74172222222222,414306.6875
01/05/2017,12:21:58,-31.172944444444447,74.39583333333334,414599.125
01/05/2017,12:22:12,-31.794083333333337,75.10997222222221,414913.625
01/05/2017,12:22:26,-32.41041666666666,75.83449999999999,415227.5
01/05/2017,12:22:40,-33.02183333333333,76.56972222222223,415540.5
01/05/2017,12:22:52,-33.54183333333333,77.20866666666667,415807.9375
01/05/2017,12:23:06,-34.14355555555556,77.96461111111111,416118.78125
01/05/2017,12:23:18,-34.65497222222222,78.62180555555555,416384.0625
01/05/2017,12:23:31,-35.20430555555556,79.34358333333333,416670.125
01/05/2017,12:23:43,-35.70688888888889,80.01916666666666,416932.75
01/05/2017,12:23:55,-36.20502777777778,80.70391666666667,417193.90625
01/05/2017,12:24:08,-36.73952777777778,81.45627777777779,417475.03125
01/05/2017,12:24:20,-37.228,82.16072222222223,417732.71875
01/05/2017,12:24:34,-37.791694444444445,82.99494444444444,418030.9375
01/05/2017,12:24:46,-38.26938888888889,83.72080555555556,418284.40625
01/05/2017,12:24:59,-38.78102777777778,84.51869444444445,418556.53125
01/05/2017,12:25:12,-39.28636111111111,85.32877777777777,418826.0
01/05/2017,12:25:25,-39.78516666666666,86.15133333333334,419092.59375
01/05/2017,12:25:37,-40.23963888888889,86.92188888888889,419336.0625
01/05/2017,12:25:51,-40.762388888888886,87.83477777777777,419616.65625
01/05/2017,12:26:05,-41.27686111111111,88.76291666666667,419893.4375
01/05/2017,12:26:17,-41.710972222222225,89.57083333333333,420127.5
01/05/2017,12:26:30,-42.17397222222222,90.45908333333334,420377.5625
01/05/2017,12:26:42,-42.59436111111111,91.29122222222222,420605.0625
01/05/2017,12:26:56,-43.07611111111112,92.27708333333334,420866.25
01/05/2017,12:27:09,-43.51477777777778,93.20716666666667,421104.625
01/05/2017,12:27:22,-43.94486111111111,94.1515,421338.78125
01/05/2017,12:27:34,-44.33402777777778,95.03591666666667,421551.09375
01/05/2017,12:27:47,-44.74686111111111,96.00802777777778,421776.8125
01/05/2017,12:28:00,-45.15036111111111,96.99466666666667,421997.9375
01/05/2017,12:28:13,-45.54422222222222,97.99597222222222,422214.34375
01/05/2017,12:28:27,-45.95733333333334,99.09072222222221,422442.0
01/05/2017,12:28:39,-46.302027777777774,100.04263888888889,422632.53125
01/05/2017,12:28:51,-46.637861111111114,101.00708333333333,422818.75
01/05/2017,12:29:04,-46.99138888888889,102.06597222222221,423015.46875
01/05/2017,12:29:16,-47.308027777777774,103.0563611111111,423192.34375
01/05/2017,12:29:29,-47.64025,104.14316666666667,423378.75
01/05/2017,12:29:41,-47.93672222222222,105.15911111111112,423545.9375
01/05/2017,12:29:55,-48.26997222222222,106.35961111111111,423734.9375
01/05/2017,12:30:07,-48.54452777777777,107.4015,423891.625
01/05/2017,12:30:19,-48.83016666666667,108.54336111111111,424055.8125
01/05/2017,12:30:32,-49.08269444444445,109.60924999999999,424202.125
01/05/2017,12:30:44,-49.324333333333335,110.68633333333334,424343.34375
01/05/2017,12:30:57,-49.57361111111111,111.8653611111111,424490.46875
01/05/2017,12:31:09,-49.79194444444444,112.96463888888889,424620.84375
01/05/2017,12:31:21,-49.99877777777778,114.07402777777777,424745.90625
01/05/2017,12:31:34,-50.20966666666667,115.28683333333333,424875.34375
01/05/2017,12:31:46,-50.392,116.41597222222222,424989.1875
01/05/2017,12:31:59,-50.575944444444445,117.6491388888889,425106.34375
01/05/2017,12:32:12,-50.745583333333336,118.89194444444445,425217.0
01/05/2017,12:32:25,-50.90069444444444,120.14380555555556,425321.15625
01/05/2017,12:32:37,-51.030833333333334,121.30672222222222,425411.40625
01/05/2017,12:32:49,-51.14833333333333,122.4761388888889,425496.03125
01/05/2017,12:33:02,-51.26125,123.74961111111111,425581.28125
01/05/2017,12:33:14,-51.35205555555556,124.93052777777778,425654.0
01/05/2017,12:33:27,-51.43577777777777,126.21494444444444,425726.28125
01/05/2017,12:33:39,-51.4995,127.40452777777779,425787.0
01/05/2017,12:33:51,-51.55008333333333,128.59722222222223,425841.90625
01/05/2017,12:34:05,-51.592444444444446,129.99166666666665,425898.59375
01/05/2017,12:34:18,-51.61569444444444,131.28844444444445,425944.125
01/05/2017,12:34:31,-51.62338888888889,132.5861111111111,425982.78125
01/05/2017,12:34:44,-51.61552777777778,133.88375,426014.5625
01/05/2017,12:34:56,-51.594500000000004,135.08075,426037.78125
01/05/2017,12:35:10,-51.55327777777777,136.47530555555556,426057.46875
01/05/2017,12:35:24,-51.49411111111111,137.8666111111111,426069.1875
01/05/2017,12:35:36,-51.42919444444444,139.0557777777778,426072.90625
01/05/2017,12:35:48,-51.35125,140.24102777777776,426070.75
01/05/2017,12:36:01,-51.25216666666667,141.5199166666667,426061.84375
01/05/2017,12:36:13,-51.147305555555555,142.69497222222222,426047.59375
01/05/2017,12:36:26,-51.019333333333336,143.96124999999998,426025.59375
01/05/2017,12:36:38,-50.88805555555555,145.12330555555556,425999.28125
01/05/2017,12:36:50,-50.74427777777778,146.27822222222224,425967.25
01/05/2017,12:37:03,-50.574555555555555,147.52066666666667,425926.09375
01/05/2017,12:37:15,-50.40522222222222,148.65894444444444,425882.21875
01/05/2017,12:37:27,-50.22383333333334,149.78847222222223,425832.6875
01/05/2017,12:37:40,-50.01397222222222,151.00169444444444,425772.71875
01/05/2017,12:37:52,-49.808055555555555,152.1114722222222,425711.59375
01/05/2017,12:38:05,-49.57205555555556,153.30233333333334,425639.1875
01/05/2017,12:38:17,-49.34241666666667,154.39063888888887,425566.65625
01/05/2017,12:38:31,-49.06052777777777,155.64663888888887,425475.25
01/05/2017,12:38:43,-48.807138888888886,156.7111111111111,425391.125
01/05/2017,12:38:55,-48.52061111111111,157.85136111111112,425294.03125
01/05/2017,12:39:08,-48.24525,158.89175,425199.0
01/05/2017,12:39:20,-47.959694444444445,159.9202222222222,425098.8125
01/05/2017,12:39:33,-47.63905555555556,161.0207777777778,424984.59375
01/05/2017,12:39:46,-47.30694444444444,162.10697222222223,424864.5
01/05/2017,12:40:00,-46.93677777777778,163.26055555555556,424728.71875
01/05/2017,12:40:14,-46.553999999999995,164.3972222222222,424586.375
01/05/2017,12:40:26,-46.21608333333334,165.35797222222223,424459.25
01/05/2017,12:40:39,-45.84008333333333,166.3846111111111,424316.28125
01/05/2017,12:40:52,-45.45402777777778,167.3966111111111,424156.3125
01/05/2017,12:41:05,-45.058138888888884,168.3938611111111,424014.40625
01/05/2017,12:41:17,-44.68425,169.30144444444446,423868.125
01/05/2017,12:41:31,-44.238055555555555,170.3446111111111,423692.03125
01/05/2017,12:41:43,-43.84725,171.22541666666666,423536.625
01/05/2017,12:41:56,-43.41547222222222,172.16580555555555,423363.65625
01/05/2017,12:42:08,-43.00933333333333,173.02122222222224,423199.84375
01/05/2017,12:42:21,-42.561416666666666,173.9343888888889,423018.0625
01/05/2017,12:42:33,-42.14077777777778,174.765,422846.34375
01/05/2017,12:42:45,-41.7135,175.58386111111113,422671.0
01/05/2017,12:42:58,-41.24330555555556,176.45794444444442,422477.03125
01/05/2017,12:43:10,-40.80272222222222,177.25291666666666,422294.40625
01/05/2017,12:43:24,-40.281,178.16622222222222,422077.1875
01/05/2017,12:43:36,-39.827444444444446,178.9371111111111,421887.53125
01/05/2017,12:43:49,-39.32961111111111,179.76002777777776,421678.625
01/05/2017,12:44:01,-38.86427777777778,-179.49144444444443,421482.71875
01/05/2017,12:44:13,-38.39355555555556,-178.7533611111111,421283.96875
01/05/2017,12:44:26,-37.877722222222225,-177.96530555555555,421065.59375
01/05/2017,12:44:38,-37.39630555555556,-177.2483333333333,420861.3125
01/05/2017,12:44:52,-36.82844444444445,-176.42430555555555,420619.875
01/05/2017,12:45:04,-36.336555555555556,-175.7283888888889,420410.375
01/05/2017,12:45:18,-35.75688888888889,-174.9283333333333,420163.21875
01/05/2017,12:45:31,-35.21322222222223,-174.19663888888888,419931.15625
01/05/2017,12:45:44,-34.6645,-173.4753888888889,419696.8125
01/05/2017,12:45:57,-34.11091666666667,-172.76441666666668,419460.375
01/05/2017,12:46:09,-33.59575,-172.11700000000002,419240.375
01/05/2017,12:46:21,-33.03325,-171.42499999999998,419000.28125
01/05/2017,12:46:34,-32.51011111111111,-170.79466666666667,418777.1875
01/05/2017,12:46:46,-31.983333333333334,-170.17219444444444,418552.8125
01/05/2017,12:47:00,-31.36427777777778,-169.45572222222222,418289.53125
01/05/2017,12:47:12,-30.83,-168.84969444444445,418062.78125
01/05/2017,12:47:25,-30.247472222222225,-168.2013611111111,417816.09375
01/05/2017,12:47:37,-29.706444444444443,-167.61030555555556,417587.59375
01/05/2017,12:47:50,-29.116861111111113,-166.9777222222222,417339.3125
01/05/2017,12:48:02,-28.56952777777778,-166.4007777777778,417109.59375
01/05/2017,12:48:16,-27.92736111111111,-165.7358611111111,416841.125
01/05/2017,12:48:28,-27.373916666666666,-165.17274999999998,416610.71875
01/05/2017,12:48:40,-26.817805555555555,-164.61575,416380.21875
01/05/2017,12:48:53,-26.212416666666666,-164.01902777777778,416130.46875
01/05/2017,12:49:05,-25.651027777777777,-163.47416666666666,415900.0625
01/05/2017,12:49:19,-24.993000000000002,-162.84555555555556,415631.59375
01/05/2017,12:49:31,-24.426472222222223,-162.31258333333335,415401.875
01/05/2017,12:49:44,-23.810194444444445,-161.7410833333333,415153.59375
01/05/2017,12:49:58,-23.143722222222223,-161.13222222222223,414887.0
01/05/2017,12:50:10,-22.570194444444443,-160.61558333333332,414659.34375
01/05/2017,12:50:22,-21.994666666666667,-160.1036388888889,414432.53125
01/05/2017,12:50:35,-21.369027777777777,-159.55416666666667,414187.9375
01/05/2017,12:50:47,-20.789583333333336,-159.05152777777778,413963.3125
01/05/2017,12:50:59,-20.20836111111111,-158.55308333333335,413739.875
01/05/2017,12:51:12,-19.57675,-158.01772222222223,413499.34375
01/05/2017,12:51:26,-18.894444444444446,-157.44630555555557,413242.15625
01/05/2017,12:51:38,-18.307861111111112,-156.96058333333332,413023.40625
01/05/2017,12:51:52,-17.62163888888889,-156.39844444444444,412770.3125
01/05/2017,12:52:06,-16.93347222222222,-155.84102777777778,412519.59375
01/05/2017,12:52:19,-16.29277777777778,-155.32741666666666,412289.125
01/05/2017,12:52:32,-15.650527777777778,-154.81752777777777,412060.9375
01/05/2017,12:52:44,-15.056416666666667,-154.34994444444445,411852.53125
01/05/2017,12:52:56,-14.461083333333333,-153.88527777777776,411646.28125
01/05/2017,12:53:09,-13.81488888888889,-153.38494444444444,411425.40625
01/05/2017,12:53:23,-13.117527777777779,-152.84952777777778,411190.65625
01/05/2017,12:53:35,-12.518722222222223,-152.39327777777777,410992.09375
01/05/2017,12:53:47,-11.918916666666666,-151.9393611111111,410796.09375
01/05/2017,12:54:00,-11.268111111111113,-151.4501111111111,410586.71875
01/05/2017,12:54:12,-10.666472222222222,-151.0006388888889,410396.25
01/05/2017,12:54:24,-10.06402777777778,-150.55316666666667,410208.59375
01/05/2017,12:54:37,-9.4105,-150.07044444444443,410008.5
01/05/2017,12:54:51,-8.705777777777778,-149.55283333333335,409796.875
01/05/2017,12:55:03,-8.100999999999999,-149.1108888888889,409618.71875
01/05/2017,12:55:17,-7.394666666666667,-148.5971388888889,409414.78125
01/05/2017,12:55:29,-6.788611111111111,-148.15819444444446,409243.375
01/05/2017,12:55:42,-6.1315,-147.68405555555555,409061.28125
01/05/2017,12:55:54,-5.524444444444445,-147.24752777777778,408896.59375
01/05/2017,12:56:06,-4.916972222222222,-146.812,408735.21875
01/05/2017,12:56:19,-4.258444444444445,-146.34111111111113,408564.15625
01/05/2017,12:56:33,-3.548833333333333,-145.83502777777778,408384.4375
01/05/2017,12:56:46,-2.8895833333333334,-145.36583333333334,408221.78125
01/05/2017,12:56:59,-2.2300555555555555,-144.89719444444444,408063.21875
01/05/2017,12:57:11,-1.6210555555555557,-144.46505555555555,407920.5625
01/05/2017,12:57:25,-0.9104166666666667,-143.96119444444443,407758.625
01/05/2017,12:57:37,-0.30116666666666664,-143.52947222222224,407623.75
01/05/2017,12:57:50,0.3588611111111111,-143.06183333333334,407481.75
01/05/2017,12:58:02,0.9681388888888889,-142.63005555555557,407354.46875
01/05/2017,12:58:14,1.577388888888889,-142.1981111111111,407230.875
01/05/2017,12:58:27,2.237277777777778,-141.72980555555554,407101.1875
01/05/2017,12:58:39,2.846277777777778,-141.29711111111112,406985.3125
01/05/2017,12:58:53,3.5565277777777777,-140.7916111111111,406854.875
01/05/2017,12:59:07,4.2665,-140.28519444444444,406729.5625
01/05/2017,12:59:21,4.976055555555556,-139.77772222222222,406609.3125
01/05/2017,12:59:33,5.583916666666666,-139.3417777777778,406510.34375
01/05/2017,12:59:45,6.1913888888888895,-138.90477777777778,406415.09375
01/05/2017,12:59:58,6.848999999999999,-138.43008333333333,406316.1875
01/05/2017,13:00:10,7.455527777777778,-137.99058333333332,406228.75
01/05/2017,13:00:22,8.112027777777778,-137.51291666666665,406138.25
01/05/2017,13:00:36,8.767833333333334,-137.03344444444446,406052.125
01/05/2017,13:00:49,9.422944444444443,-136.55208333333334,405970.34375
01/05/2017,13:01:01,10.026944444444446,-136.10594444444445,405898.6875
01/05/2017,13:01:13,10.63025,-135.65791666666667,405830.6875
01/05/2017,13:01:26,11.282944444444444,-135.17027777777776,405761.15625
01/05/2017,13:01:38,11.884583333333333,-134.71797222222222,405700.71875
01/05/2017,13:01:51,12.535361111111111,-134.22541666666666,405639.28125
01/05/2017,13:02:03,13.13513888888889,-133.7682777777778,405586.25
01/05/2017,13:02:15,13.733916666666666,-133.3086388888889,405536.75
01/05/2017,13:02:28,14.381416666666667,-132.80772222222222,405487.03125
01/05/2017,13:02:40,14.978,-132.34244444444445,405444.71875
01/05/2017,13:02:52,15.573416666666667,-131.8742777777778,405405.78125
01/05/2017,13:03:05,16.21711111111111,-131.36366666666666,405367.34375
01/05/2017,13:03:17,16.80997222222222,-130.88902777777778,405335.3125
01/05/2017,13:03:31,17.499972222222222,-130.33108333333334,405302.0625
01/05/2017,13:03:45,18.188083333333335,-129.76841666666667,405273.09375
01/05/2017,13:03:57,18.776305555555556,-129.28222222222223,405251.65625
01/05/2017,13:04:09,19.36302777777778,-128.79222222222222,405233.25
01/05/2017,13:04:23,20.0455,-128.2156111111111,405215.59375
01/05/2017,13:04:36,20.677194444444446,-127.67519444444444,405202.75
01/05/2017,13:04:49,21.30686111111111,-127.12977777777778,405193.28125
01/05/2017,13:05:02,21.934416666666667,-126.57919444444444,405187.03125
01/05/2017,13:05:16,22.607750000000003,-125.98022222222222,405183.90625
01/05/2017,13:05:28,23.182750000000002,-125.46166666666667,405184.0625
01/05/2017,13:05:40,23.75572222222222,-124.93819444444445,405186.75
01/05/2017,13:05:53,24.37402777777778,-124.36533333333333,405192.5
01/05/2017,13:06:05,24.9425,-123.83108333333332,405200.28125
01/05/2017,13:06:18,25.55575,-123.2461388888889,405211.375
01/05/2017,13:06:31,26.166194444444443,-122.65461111111112,405225.0625
01/05/2017,13:06:45,26.82038888888889,-122.00997222222222,405242.65625
01/05/2017,13:06:59,27.471055555555555,-121.35713888888888,405263.03125
01/05/2017,13:07:13,28.118111111111112,-120.69586111111111,405286.0625
01/05/2017,13:07:25,28.669694444444445,-120.12208333333332,405307.875
01/05/2017,13:07:37,29.264,-119.493,405333.46875
01/05/2017,13:07:50,29.8095,-118.90525000000001,405358.875
01/05/2017,13:08:02,30.35188888888889,-118.31047222222222,405385.875
01/05/2017,13:08:15,30.93588888888889,-117.658,405416.84375
01/05/2017,13:08:27,31.471527777777776,-117.04802777777778,405446.90625
01/05/2017,13:08:39,32.00375,-116.43044444444445,405478.3125
01/05/2017,13:08:52,32.57633333333334,-115.75255555555556,405513.71875
01/05/2017,13:09:04,33.101055555555554,-115.1185,405547.59375
01/05/2017,13:09:17,33.66525,-114.42233333333334,405585.5
01/05/2017,13:09:29,34.181999999999995,-113.77091666666666,405621.46875
01/05/2017,13:09:41,34.694694444444444,-113.1108611111111,405658.3125
01/05/2017,13:09:54,35.24541666666667,-112.38577777777779,405699.09375
01/05/2017,13:10:07,35.79108333333333,-111.65008333333334,405740.6875
01/05/2017,13:10:20,36.331500000000005,-110.90347222222223,405782.9375
01/05/2017,13:10:32,36.82555555555556,-110.20438888888889,405822.46875
01/05/2017,13:10:45,37.35541666666667,-109.43608333333334,405865.6875
01/05/2017,13:10:57,37.83941666666667,-108.71652777777778,405905.9375
01/05/2017,13:11:09,38.318333333333335,-107.98680555555556,405946.34375
01/05/2017,13:11:22,38.831250000000004,-107.18461111111111,405990.28125
01/05/2017,13:11:35,39.337805555555555,-106.36999999999999,406034.21875
01/05/2017,13:11:48,39.837833333333336,-105.54277777777777,406078.0625
01/05/2017,13:12:00,40.293388888888884,-104.76774999999999,406118.375
01/05/2017,13:12:13,40.78022222222222,-103.91555555555556,406161.75
01/05/2017,13:12:25,41.223194444444445,-103.11708333333333,406201.40625
01/05/2017,13:12:37,41.65986111111111,-102.30708333333332,406240.65625
01/05/2017,13:12:50,42.12558333333333,-101.41638888888889,406282.5625
01/05/2017,13:13:02,42.5485,-100.58188888888888,406320.625
01/05/2017,13:13:15,42.99888888888889,-99.66427777777778,406361.0625
01/05/2017,13:13:27,43.40719444444444,-98.80458333333333,406397.59375
01/05/2017,13:13:39,43.80822222222222,-97.93263888888889,406433.25
01/05/2017,13:13:52,44.23416666666667,-96.97408333333334,406470.84375
01/05/2017,13:14:04,44.619277777777775,-96.07625,406504.5
01/05/2017,13:14:17,45.02752777777778,-95.08941666666666,406539.6875
01/05/2017,13:14:30,45.42616666666667,-94.08775,406573.53125
01/05/2017,13:14:43,45.81494444444444,-93.07124999999999,406605.9375
01/05/2017,13:14:55,46.16480555555555,-92.11969444444443,406634.4375
01/05/2017,13:15:07,46.505805555555554,-91.15547222222223,406661.59375
01/05/2017,13:15:20,46.86497222222222,-90.0966111111111,406689.34375
01/05/2017,13:15:32,47.18677777777778,-89.10605555555556,406713.375
01/05/2017,13:15:46,47.55016666666666,-87.93455555555556,406739.40625
01/05/2017,13:15:58,47.851055555555554,-86.91697222222223,406759.9375
01/05/2017,13:16:11,48.16566666666667,-85.80072222222222,406780.28125
01/05/2017,13:16:23,48.44541666666667,-84.75775,406797.1875
01/05/2017,13:16:35,48.73663888888889,-83.61441666666666,406813.46875
01/05/2017,13:16:48,48.99433333333334,-82.54686111111111,406826.53125
01/05/2017,13:17:00,49.241083333333336,-81.46791666666667,406837.6875
01/05/2017,13:17:13,49.49586111111111,-80.28652777777778,406847.5625
01/05/2017,13:17:25,49.71922222222222,-79.18480555555556,406854.5625
01/05/2017,13:17:37,49.93105555555555,-78.07269444444444,406859.5
01/05/2017,13:17:50,50.147305555555555,-76.85663888888888,406862.53125
01/05/2017,13:18:02,50.334500000000006,-75.72416666666666,406863.0625
01/05/2017,13:18:15,50.52363888888889,-74.48711111111112,406861.25
01/05/2017,13:18:27,50.68544444444444,-73.33627777777777,406857.25
01/05/2017,13:18:41,50.8585,-71.98358333333333,406849.8125
01/05/2017,13:18:53,50.99316666666667,-70.81611111111111,406840.96875
01/05/2017,13:19:05,51.11511111111111,-69.64186111111111,406829.875
01/05/2017,13:19:18,51.23269444444445,-68.36283333333333,406815.28125
01/05/2017,13:19:30,51.32769444444445,-67.1765,406799.375
01/05/2017,13:19:43,51.41586111111111,-65.8858888888889,406779.53125
01/05/2017,13:19:55,51.48352777777778,-64.69033333333334,406758.78125
01/05/2017,13:20:07,51.53794444444444,-63.49138888888889,406735.6875
01/05/2017,13:20:20,51.58186111111112,-62.189611111111105,406708.03125
01/05/2017,13:20:32,51.6085,-60.986000000000004,406680.0625
01/05/2017,13:20:45,51.622277777777775,-59.680861111111106,406647.09375
01/05/2017,13:20:57,51.621027777777776,-58.475750000000005,406614.21875
01/05/2017,13:21:09,51.60638888888889,-57.27111111111111,406579.0
01/05/2017,13:21:23,51.572361111111114,-55.86719444444444,406534.96875
01/05/2017,13:21:37,51.52022222222222,-54.46602777777778,406487.78125
01/05/2017,13:21:49,51.461111111111116,-53.26811111111111,406444.84375
01/05/2017,13:22:02,51.38213888888889,-51.97441666666667,406395.75
01/05/2017,13:22:14,51.29555555555555,-50.78472222222222,406348.09375
01/05/2017,13:22:26,51.19591666666666,-49.60005555555556,406298.1875
01/05/2017,13:22:39,51.07336111111111,-48.32308333333334,406241.625
01/05/2017,13:22:52,50.93575,-47.05358333333333,406182.53125
01/05/2017,13:23:05,50.78325,-45.79230555555555,406120.90625
01/05/2017,13:23:17,50.629416666666664,-44.63597222222222,406061.8125
01/05/2017,13:23:30,50.44880555555555,-43.39255555555555,405995.46875
01/05/2017,13:23:43,50.25383333333333,-42.159388888888884,405926.78125
01/05/2017,13:23:56,50.04472222222222,-40.93708333333333,405855.75
01/05/2017,13:24:09,49.82175,-39.726222222222226,405782.4375
01/05/2017,13:24:22,49.58511111111111,-38.52733333333333,405706.96875
01/05/2017,13:24:36,49.31525,-37.250166666666665,405623.28125
01/05/2017,13:24:49,49.05105555555555,-36.07761111111112,405543.40625
01/05/2017,13:25:02,48.773944444444446,-34.91833333333333,405461.5625
01/05/2017,13:25:14,48.50694444444444,-33.86033333333334,405384.3125
01/05/2017,13:25:27,48.20583333333334,-32.72752777777778,405298.84375
01/05/2017,13:25:40,47.89261111111111,-31.60891666666667,405211.625
01/05/2017,13:25:54,47.54211111111111,-30.420305555555558,405115.8125
01/05/2017,13:26:07,47.20466666666667,-29.33175,405025.1875
01/05/2017,13:26:19,46.88322222222222,-28.339944444444445,404940.1875
01/05/2017,13:26:31,46.552416666666666,-27.360750000000003,404854.03125
01/05/2017,13:26:45,46.154944444444446,-26.234361111111113,404752.03125
01/05/2017,13:26:58,45.77502777777778,-25.203888888888887,404656.09375
01/05/2017,13:27:11,45.385,-24.188277777777778,404559.0
01/05/2017,13:27:25,44.953944444444446,-23.111194444444447,404453.3125
01/05/2017,13:27:37,44.54372222222222,-22.126416666666668,404354.21875
01/05/2017,13:27:50,44.156777777777776,-21.230444444444444,404262.0625
01/05/2017,13:28:02,43.76213888888889,-20.346944444444443,404169.28125
01/05/2017,13:28:16,43.29227777777778,-19.331805555555555,404060.40625
01/05/2017,13:28:28,42.88161111111111,-18.47497222222222,403966.625
01/05/2017,13:28:42,42.39361111111111,-17.49061111111111,403856.84375
01/05/2017,13:28:56,41.896277777777776,-16.52252777777778,403746.75
01/05/2017,13:29:10,41.389944444444446,-15.570472222222222,403636.53125
01/05/2017,13:29:22,40.949,-14.766972222222224,403542.0625
01/05/2017,13:29:34,40.50183333333333,-13.974916666666667,403447.6875
01/05/2017,13:29:47,40.01058333333334,-13.129527777777778,403345.6875
01/05/2017,13:29:59,39.55105555555555,-12.360694444444444,403251.8125
01/05/2017,13:30:13,39.00775,-11.477444444444444,403142.8125
01/05/2017,13:30:25,38.53611111111111,-10.73188888888889,403049.9375
01/05/2017,13:30:38,38.019194444444445,-9.936,402950.03125
01/05/2017,13:30:50,37.53666666666666,-9.211972222222222,402858.53125
01/05/2017,13:31:02,37.04913888888888,-8.497972222222222,402767.84375
01/05/2017,13:31:15,36.51552777777778,-7.735555555555556,402670.625
01/05/2017,13:31:27,36.01808333333333,-7.041805555555555,402581.96875
01/05/2017,13:31:41,35.431999999999995,-6.24425,402479.96875
01/05/2017,13:31:53,34.92491666666666,-5.570583333333333,402393.84375
01/05/2017,13:32:07,34.32794444444445,-4.795944444444444,402295.09375
01/05/2017,13:32:19,33.81183333333333,-4.14138888888889,402212.03125
01/05/2017,13:32:32,33.24825,-3.441888888888889,402123.78125
01/05/2017,13:32:44,32.72402777777778,-2.8048333333333333,402044.0625
01/05/2017,13:32:57,32.151944444444446,-2.1238055555555557,401959.6875
01/05/2017,13:33:09,31.620166666666666,-1.5033611111111111,401883.75
01/05/2017,13:33:23,30.995361111111112,-0.7891666666666667,401797.625
01/05/2017,13:33:35,30.456194444444442,-0.18508333333333332,401726.0625
01/05/2017,13:33:48,29.868472222222223,0.46119444444444446,401651.0
01/05/2017,13:34:00,29.32272222222222,1.050388888888889,401584.09375
01/05/2017,13:34:12,28.773944444444442,1.6327777777777779,401519.53125
01/05/2017,13:34:26,28.130055555555558,2.3038055555555554,401447.375
01/05/2017,13:34:38,27.575083333333332,2.872,401388.28125
01/05/2017,13:34:51,26.97083333333333,3.480472222222222,401327.28125
01/05/2017,13:35:03,26.41036111111111,4.035805555555555,401273.875
01/05/2017,13:35:17,25.75327777777778,4.676277777777778,401215.15625
01/05/2017,13:35:30,25.140194444444443,5.264083333333334,401164.21875
01/05/2017,13:35:42,24.57186111111111,5.800916666666667,401120.375
01/05/2017,13:35:56,23.905944444444444,6.420527777777778,401073.1875
01/05/2017,13:36:09,23.284972222222223,6.989583333333333,401033.3125
01/05/2017,13:36:23,22.61352777777778,7.595916666666667,400994.71875
01/05/2017,13:36:36,21.98761111111111,8.153111111111112,400963.03125
01/05/2017,13:36:48,21.40786111111111,8.662638888888889,400937.40625
01/05/2017,13:37:00,20.82627777777778,9.167722222222222,400915.34375
01/05/2017,13:37:14,20.145555555555553,9.751583333333333,400894.21875
01/05/2017,13:37:26,19.560222222222222,10.247555555555556,400880.125
01/05/2017,13:37:39,18.924333333333333,10.780361111111112,400869.125
01/05/2017,13:37:51,18.33572222222222,11.268194444444445,400863.0
01/05/2017,13:38:05,17.647111111111112,11.832722222222221,400860.78125
01/05/2017,13:38:17,17.05536111111111,12.312777777777779,400863.21875
01/05/2017,13:38:30,16.412777777777777,12.829027777777778,400870.40625
01/05/2017,13:38:42,15.818277777777778,13.302222222222223,400881.34375
01/05/2017,13:38:54,15.222555555555555,13.772333333333334,400896.40625
01/05/2017,13:39:07,14.575833333333334,14.278250000000002,400917.5
01/05/2017,13:39:19,13.977722222222223,14.742333333333333,400941.40625
01/05/2017,13:39:32,13.328555555555555,15.242055555555554,400972.1875
01/05/2017,13:39:44,12.728305555555556,15.700694444444444,401005.125
01/05/2017,13:39:56,12.127083333333333,16.156888888888886,401042.4375
01/05/2017,13:40:09,11.47475,16.6485,401087.875
01/05/2017,13:40:21,10.871722222222223,17.100055555555556,401134.5
01/05/2017,13:40:33,10.267888888888889,17.549555555555557,401185.59375
01/05/2017,13:40:46,9.612916666666667,18.034361111111114,401246.03125
01/05/2017,13:40:58,9.00761111111111,18.47997222222222,401306.59375
01/05/2017,13:41:11,8.351111111111111,18.96086111111111,401377.375
01/05/2017,13:41:24,7.693944444444445,19.439916666666665,401453.53125
01/05/2017,13:41:37,7.036138888888889,19.91727777777778,401535.09375
01/05/2017,13:41:49,6.428416666666667,20.356583333333333,401615.21875
01/05/2017,13:42:01,5.82025,20.794694444444445,401699.96875
01/05/2017,13:42:14,5.160972222222223,21.26811111111111,401797.03125
01/05/2017,13:42:26,4.552027777777778,21.70411111111111,401891.46875
01/05/2017,13:42:40,3.8412222222222225,22.211694444444444,402007.53125
01/05/2017,13:42:52,3.231666666666667,22.64602777777778,402112.03125
01/05/2017,13:43:05,2.5711111111111107,23.115861111111112,402230.46875
01/05/2017,13:43:17,1.9611666666666667,23.549055555555558,402344.59375
01/05/2017,13:43:30,1.3002777777777779,24.017916666666665,402473.46875
01/05/2017,13:43:43,0.6393333333333333,24.4865,402607.71875
01/05/2017,13:43:56,-0.021666666666666667,24.954916666666666,402747.34375
01/05/2017,13:44:08,-0.6317777777777778,25.387277777777776,402880.96875
01/05/2017,13:44:20,-1.2418333333333333,25.81975,403019.125
01/05/2017,13:44:33,-1.902611111111111,26.288472222222225,403173.84375
01/05/2017,13:44:47,-2.614,26.793694444444448,403346.3125
01/05/2017,13:45:00,-3.2743055555555554,27.26338888888889,403511.84375
01/05/2017,13:45:13,-3.934305555555556,27.733722222222223,403682.53125
01/05/2017,13:45:25,-4.543222222222222,28.16861111111111,403844.5625
01/05/2017,13:45:38,-5.202500000000001,28.640638888888887,404024.9375
01/05/2017,13:45:50,-5.810638888888889,29.077333333333332,404195.875
01/05/2017,13:46:02,-6.418333333333334,29.515027777777778,404370.9375
01/05/2017,13:46:15,-7.076138888888889,29.99052777777778,404565.28125
01/05/2017,13:46:27,-7.68275,30.43075,404748.875
01/05/2017,13:46:39,-8.288805555555555,30.87236111111111,404936.46875
01/05/2017,13:46:52,-8.944638888888889,31.352472222222225,405144.125
01/05/2017,13:47:04,-9.549305555555556,31.797333333333334,405339.84375
01/05/2017,13:47:17,-10.203555555555555,32.28125,405556.125
01/05/2017,13:47:29,-10.806666666666667,32.729888888888894,405759.65625
01/05/2017,13:47:43,-11.509222222222222,33.255805555555554,406001.6875
01/05/2017,13:47:55,-12.110472222222223,33.70888888888889,406212.96875
01/05/2017,13:48:07,-12.710777777777777,34.16422222222222,406427.71875
01/05/2017,13:48:21,-13.40988888888889,34.69847222222222,406682.53125
01/05/2017,13:48:34,-14.057777777777778,35.19763888888888,406923.15625
01/05/2017,13:48:47,-14.70436111111111,35.699888888888886,407167.5
01/05/2017,13:49:00,-15.349583333333333,36.205444444444446,407415.4375
01/05/2017,13:49:14,-16.042805555555557,36.75375,407686.375
01/05/2017,13:49:26,-16.635638888888888,37.22705555555556,407921.71875
01/05/2017,13:49:38,-17.227083333333333,37.703583333333334,408159.8125
01/05/2017,13:49:51,-17.86625,38.22363888888889,408420.78125
01/05/2017,13:50:04,-18.503694444444445,38.74780555555556,408684.71875
01/05/2017,13:50:17,-19.139333333333333,39.27625,408951.53125
01/05/2017,13:50:29,-19.72438888888889,39.768027777777775,409200.21875
01/05/2017,13:50:42,-20.356333333333335,40.305277777777775,409472.125
01/05/2017,13:50:54,-20.937833333333334,40.80547222222222,409725.3125
01/05/2017,13:51:06,-21.517555555555553,41.309916666666666,409980.46875
01/05/2017,13:51:19,-22.143444444444444,41.86141666666667,410259.0
01/05/2017,13:51:31,-22.719166666666666,42.37525,410517.875
01/05/2017,13:51:43,-23.29286111111111,42.89380555555555,410778.40625
01/05/2017,13:51:56,-23.912,43.46113888888889,411062.3125
01/05/2017,13:52:08,-24.48125,43.99008333333333,411325.8125
01/05/2017,13:52:21,-25.095388888888888,44.569027777777784,411612.65625
01/05/2017,13:52:33,-25.65986111111111,45.10908333333334,411878.59375
01/05/2017,13:52:45,-26.221888888888888,45.65472222222222,412145.5
01/05/2017,13:52:59,-26.87441666666667,46.29858333333333,412457.96875
01/05/2017,13:53:13,-27.52338888888889,46.95055555555556,412771.40625
01/05/2017,13:53:25,-28.076722222222223,47.51602777777778,413040.6875
01/05/2017,13:53:38,-28.673000000000002,48.13580555555556,413332.875
01/05/2017,13:53:50,-29.220388888888888,48.71472222222223,413602.90625
01/05/2017,13:54:02,-29.76475,49.30036111111111,413873.09375
01/05/2017,13:54:15,-30.351000000000003,49.94258333333333,414165.8125
01/05/2017,13:54:27,-30.888805555555557,50.542833333333334,414435.875
01/05/2017,13:54:39,-31.467694444444444,51.20133333333334,414728.1875
01/05/2017,13:54:52,-31.998472222222222,51.817,414997.59375
01/05/2017,13:55:04,-32.52569444444444,52.44038888888888,415266.5
01/05/2017,13:55:17,-33.09272222222222,53.12463888888889,415557.0625
01/05/2017,13:55:30,-33.69841666666667,53.872194444444446,415868.90625
01/05/2017,13:55:44,-34.25602777777778,54.576527777777784,416157.34375
01/05/2017,13:55:58,-34.851222222222226,55.34630555555556,416466.5
01/05/2017,13:56:12,-35.44069444444444,56.128055555555555,416773.96875
01/05/2017,13:56:24,-35.94119444444444,56.807916666666664,417036.03125
01/05/2017,13:56:38,-36.519444444444446,57.61277777777778,417339.78125
01/05/2017,13:56:50,-37.01005555555555,58.312916666666666,417598.3125
01/05/2017,13:57:03,-37.53608333333333,59.08233333333334,417876.375
01/05/2017,13:57:15,-38.0165,59.80288888888889,418131.0
01/05/2017,13:57:28,-38.531166666666664,60.59488888888889,418404.5
01/05/2017,13:57:40,-39.00072222222222,61.336666666666666,418654.625
01/05/2017,13:57:52,-39.46480555555556,62.088972222222225,418902.4375
01/05/2017,13:58:05,-39.96127777777778,62.91602777777778,419168.09375
01/05/2017,13:58:17,-40.4135,63.69080555555555,419410.625
01/05/2017,13:58:29,-40.85975,64.47666666666667,419650.4375
01/05/2017,13:58:42,-41.33625,65.34069444444444,419907.0
01/05/2017,13:58:54,-41.769527777777775,66.15013888888889,420140.71875
01/05/2017,13:59:06,-42.19627777777777,66.97119444444445,420371.375
01/05/2017,13:59:20,-42.68566666666666,67.94391666666667,420636.40625
01/05/2017,13:59:33,-43.13163888888889,68.86163888888888,420878.4375
01/05/2017,13:59:46,-43.569250000000004,69.7935,421116.40625
01/05/2017,14:00:00,-44.03088888888889,70.813,421367.96875
01/05/2017,14:00:13,-44.45030555555556,71.77463888888889,421597.03125
01/05/2017,14:00:25,-44.82933333333334,72.67519444444444,421804.53125
01/05/2017,14:00:37,-45.20033333333333,73.58816666666667,422008.0625
01/05/2017,14:00:51,-45.62277777777778,74.66908333333333,422240.4375
01/05/2017,14:01:03,-45.975722222222224,75.60916666666667,422435.15625
01/05/2017,14:01:16,-46.34825,76.64169444444445,422641.28125
01/05/2017,14:01:28,-46.68286111111111,77.60783333333333,422827.03125
01/05/2017,14:01:42,-47.06166666666666,78.75077777777778,423038.125
01/05/2017,14:01:54,-47.376222222222225,79.74386111111112,423214.15625
01/05/2017,14:02:07,-47.706138888888894,80.83361111111111,423399.625
01/05/2017,14:02:19,-48.00044444444445,81.85222222222221,423565.9375
01/05/2017,14:02:32,-48.307944444444445,82.96927777777778,423740.65625
01/05/2017,14:02:44,-48.58108333333334,84.01275,423896.875
01/05/2017,14:02:56,-48.84375,85.06788888888889,424048.125
01/05/2017,14:03:10,-49.13666666666666,86.31322222222222,424218.21875
01/05/2017,14:03:22,-49.37588888888889,87.39269444444444,424358.46875
01/05/2017,14:03:35,-49.62247222222222,88.57427777777778,424504.5625
01/05/2017,14:03:47,-49.83830555555556,89.67580555555556,424633.9375
01/05/2017,14:04:00,-50.05911111111111,90.88044444444444,424768.09375
01/05/2017,14:04:13,-50.26613888888889,92.09633333333333,424895.96875
01/05/2017,14:04:26,-50.45919444444445,93.32291666666666,425017.46875
01/05/2017,14:04:38,-50.624805555555554,94.4641388888889,425123.90625
01/05/2017,14:04:51,-50.790388888888884,95.70955555555555,425232.9375
01/05/2017,14:05:03,-50.93033333333333,96.86699999999999,425327.8125
01/05/2017,14:05:15,-51.05772222222222,98.03141666666667,425417.03125
01/05/2017,14:05:28,-51.181416666666664,99.3,425507.3125
01/05/2017,14:05:40,-51.28227777777778,100.47694444444444,425584.6875
01/05/2017,14:05:53,-51.377,101.75763888888889,425662.0625
01/05/2017,14:06:05,-51.45088888888889,102.94433333333333,425727.5
01/05/2017,14:06:17,-51.511722222222225,104.13466666666667,425787.125
01/05/2017,14:06:30,-51.562805555555556,105.42747222222222,425845.1875
01/05/2017,14:06:42,-51.596222222222224,106.62316666666666,425892.71875
01/05/2017,14:06:54,-51.616416666666666,107.82027777777778,425934.40625
01/05/2017,14:07:07,-51.62336111111111,109.11797222222222,425972.96875
01/05/2017,14:07:21,-51.61344444444445,110.51538888888889,426006.78125
01/05/2017,14:07:33,-51.590611111111116,111.71225,426029.4375
01/05/2017,14:07:45,-51.55458333333333,112.90747222222222,426046.21875
01/05/2017,14:07:59,-51.49588888888889,114.29888888888888,426058.40625
01/05/2017,14:08:13,-51.419333333333334,115.68602777777778,426062.625
01/05/2017,14:08:25,-51.33961111111111,116.87069444444444,426059.90625
01/05/2017,14:08:39,-51.230250000000005,118.24691666666666,426049.375
01/05/2017,14:08:51,-51.12258333333333,119.42072222222222,426034.0625
01/05/2017,14:09:05,-50.98088888888889,120.7825,426008.90625
01/05/2017,14:09:18,-50.834,122.03880555555556,425978.5
01/05/2017,14:09:31,-50.6725,123.28644444444444,425941.40625
01/05/2017,14:09:44,-50.49655555555556,124.52480555555556,425897.625
01/05/2017,14:09:56,-50.32152777777778,125.65902777777778,425851.3125
01/05/2017,14:10:08,-50.13455555555556,126.78425,425799.40625
01/05/2017,14:10:21,-49.91872222222222,127.99258333333333,425736.875
01/05/2017,14:10:35,-49.67108333333333,129.2808888888889,425662.28125
01/05/2017,14:10:47,-49.44647222222222,130.37394444444445,425592.4375
01/05/2017,14:10:59,-49.21069444444445,131.45633333333333,425517.15625
01/05/2017,14:11:12,-48.94288888888889,132.61647222222223,425429.5625
01/05/2017,14:11:24,-48.68444444444444,133.6756111111111,425343.1875
01/05/2017,14:11:37,-48.392583333333334,134.80994444444445,425243.71875
01/05/2017,14:11:49,-48.11241666666667,135.84475,425146.5
01/05/2017,14:12:03,-47.772777777777776,137.0368611111111,425026.65625
01/05/2017,14:12:15,-47.47097222222222,138.04552777777778,424918.46875
01/05/2017,14:12:27,-47.1595,139.04188888888888,424805.34375
01/05/2017,14:12:41,-46.78422222222222,140.18866666666668,424667.1875
01/05/2017,14:12:55,-46.39644444444444,141.3185,424522.5625
01/05/2017,14:13:09,-45.9965,142.43127777777778,424371.5
01/05/2017,14:13:21,-45.64427777777778,143.37152777777777,424237.0625
01/05/2017,14:13:33,-45.28361111111111,144.29925,424098.125
01/05/2017,14:13:46,-44.88355555555555,145.29019444444444,423942.59375
01/05/2017,14:14:00,-44.44222222222222,146.34102777777778,423769.46875
01/05/2017,14:14:13,-44.02291666666667,147.30172222222222,423603.53125
01/05/2017,14:14:26,-43.594722222222224,148.248,423432.8125
01/05/2017,14:14:38,-43.191805555555554,149.1088611111111,423271.03125
01/05/2017,14:14:51,-42.74725,150.02783333333335,423091.34375
01/05/2017,14:15:03,-42.32966666666667,150.86369444444443,422921.5625
01/05/2017,14:15:15,-41.90533333333333,151.68777777777777,422748.0625
01/05/2017,14:15:28,-41.43825,152.56741666666667,422556.0625
01/05/2017,14:15:40,-41.00044444444445,153.36747222222223,422375.25
01/05/2017,14:15:54,-40.48191666666667,154.28658333333334,422160.0
01/05/2017,14:16:06,-40.030944444444444,155.0623888888889,421972.03125
01/05/2017,14:16:19,-39.53586111111111,155.89052777777778,421764.875
01/05/2017,14:16:31,-39.073,156.64377777777776,421570.5
01/05/2017,14:16:45,-38.52608333333333,157.50930555555556,421340.09375
01/05/2017,14:16:57,-38.05161111111111,158.23999999999998,421139.65625
01/05/2017,14:17:11,-37.49158333333333,159.07972222222222,420902.4375
01/05/2017,14:17:23,-37.006194444444446,159.78877777777777,420696.4375
01/05/2017,14:17:36,-36.474944444444446,160.54602777777777,420470.5625
01/05/2017,14:17:48,-35.97975,161.23516666666666,420259.75
01/05/2017,14:18:00,-35.48005555555556,161.9150277777778,420046.78125
01/05/2017,14:18:13,-34.93377777777778,162.6413611111111,419813.8125
01/05/2017,14:18:25,-34.42513888888889,163.30258333333333,419596.8125
01/05/2017,14:18:38,-33.8695,164.00922222222223,419359.78125
01/05/2017,14:18:51,-33.30922222222222,164.70597222222221,419120.8125
01/05/2017,14:19:04,-32.74444444444445,165.3931111111111,418880.125
01/05/2017,14:19:16,-32.219277777777776,166.01905555555558,418656.5625
01/05/2017,14:19:29,-31.646305555555553,166.68838888888888,418412.96875
01/05/2017,14:19:41,-31.113805555555558,167.29836111111112,418186.96875
01/05/2017,14:19:55,-30.488333333333333,168.00066666666666,417922.09375
01/05/2017,14:20:07,-29.948722222222223,168.59486111111113,417694.15625
01/05/2017,14:20:19,-29.40597222222222,169.1821388888889,417465.53125
01/05/2017,14:20:32,-28.814611111111113,169.8106666666667,417217.1875
01/05/2017,14:20:44,-28.265666666666668,170.38402777777776,416987.46875
01/05/2017,14:20:58,-27.621694444444444,171.04483333333334,416719.09375
01/05/2017,14:21:10,-27.066777777777776,171.60452777777778,416488.84375
01/05/2017,14:21:23,-26.46263888888889,172.2041111111111,416239.34375
01/05/2017,14:21:35,-25.90233333333333,172.7515,416009.125
01/05/2017,14:21:48,-25.292583333333337,173.3381388888889,415759.90625
01/05/2017,14:22:01,-24.68005555555556,173.9183611111111,415511.09375
01/05/2017,14:22:14,-24.06486111111111,174.4923611111111,415262.78125
01/05/2017,14:22:26,-23.494722222222222,175.0168888888889,415034.15625
01/05/2017,14:22:40,-22.82686111111111,175.62258333333335,414768.3125
01/05/2017,14:22:52,-22.25225,176.1366111111111,414541.34375
01/05/2017,14:23:06,-21.579361111111112,176.73047222222223,414277.71875
01/05/2017,14:23:18,-21.000583333333335,177.23469444444444,414052.875
01/05/2017,14:23:31,-20.371555555555556,177.77611111111113,413810.65625
01/05/2017,14:23:43,-19.789083333333334,178.27161111111113,413588.375
01/05/2017,14:23:57,-19.107444444444447,178.84466666666668,413330.84375
01/05/2017,14:24:09,-18.521444444444445,179.33172222222223,413111.71875
01/05/2017,14:24:23,-17.83586111111111,179.8953611111111,412858.125
01/05/2017,14:24:35,-17.24661111111111,-179.62533333333334,412642.65625
01/05/2017,14:24:48,-16.606694444444447,-179.10986111111112,412411.28125
01/05/2017,14:25:00,-16.014611111111112,-178.63741666666667,412199.71875
01/05/2017,14:25:13,-15.37175,-178.1290277777778,411972.84375
01/05/2017,14:25:25,-14.777055555555556,-177.6628611111111,411765.625
01/05/2017,14:25:37,-14.181194444444444,-177.19947222222223,411560.625
01/05/2017,14:25:50,-13.534416666666667,-176.7004722222222,411341.15625
01/05/2017,14:26:02,-12.936305555555556,-176.24252777777775,411141.0625
01/05/2017,14:26:14,-12.337194444444446,-175.787,410943.46875
01/05/2017,14:26:27,-11.687055555555556,-175.29608333333334,410732.28125
01/05/2017,14:26:41,-10.985777777777777,-174.77027777777778,410508.375
01/05/2017,14:26:53,-10.383722222222222,-174.32175,410319.40625
01/05/2017,14:27:07,-9.680361111111111,-173.80086111111112,410102.5
01/05/2017,14:27:19,-9.076694444444444,-173.35633333333334,409919.71875
01/05/2017,14:27:31,-8.472333333333333,-172.91341666666668,409739.875
01/05/2017,14:27:44,-7.816861111111111,-172.43533333333335,409548.5
01/05/2017,14:27:56,-7.211222222222222,-171.9955,409375.0625
01/05/2017,14:28:09,-6.5544722222222225,-171.52047222222222,409190.71875
01/05/2017,14:28:21,-5.94775,-171.08319444444444,409023.9375
01/05/2017,14:28:33,-5.3405555555555555,-170.647,408860.40625
01/05/2017,14:28:46,-4.682305555555556,-170.17547222222223,408686.96875
01/05/2017,14:28:58,-4.074333333333333,-169.7411111111111,408530.4375
01/05/2017,14:29:10,-3.466027777777778,-169.30744444444446,408377.28125
01/05/2017,14:29:23,-2.806722222222222,-168.83833333333334,408215.3125
01/05/2017,14:29:35,-2.1979166666666665,-168.40583333333333,408069.4375
01/05/2017,14:29:48,-1.5381666666666665,-167.93766666666667,407915.375
01/05/2017,14:30:01,-0.8782777777777778,-167.46983333333333,407765.5625
01/05/2017,14:30:15,-0.16749999999999998,-166.96619444444443,407608.9375
01/05/2017,14:30:28,0.4925555555555556,-166.49852777777775,407467.9375
01/05/2017,14:30:40,1.1018333333333334,-166.0667222222222,407341.59375
01/05/2017,14:30:52,1.7110277777777778,-165.63472222222222,407218.9375
01/05/2017,14:31:06,2.421638888888889,-165.1302777777778,407080.5625
01/05/2017,14:31:20,3.1320833333333336,-164.62525,406947.21875
01/05/2017,14:31:32,3.7407777777777778,-164.19172222222224,406836.96875
01/05/2017,14:31:45,4.399944444444444,-163.72127777777777,406721.78125
01/05/2017,14:31:58,5.058777777777777,-163.24991666666665,406611.0
01/05/2017,14:32:11,5.717194444444445,-162.77741666666668,406504.59375
01/05/2017,14:32:23,6.324583333333333,-162.34019444444445,406410.28125
01/05/2017,14:32:37,7.032638888888889,-161.82861111111112,406305.0
01/05/2017,14:32:49,7.639027777777777,-161.3887222222222,406218.8125
01/05/2017,14:33:02,8.295333333333334,-160.91055555555556,406129.65625
01/05/2017,14:33:14,8.900555555555556,-160.46758333333332,406051.21875
01/05/2017,14:33:26,9.505138888888888,-160.02294444444445,405976.46875
01/05/2017,14:33:40,10.209638888888888,-159.50197222222224,405893.90625
01/05/2017,14:33:52,10.812694444444444,-159.05333333333334,405827.09375
01/05/2017,14:34:05,11.46511111111111,-158.56505555555557,405758.8125
01/05/2017,14:34:17,12.066500000000001,-158.11205555555554,405699.53125
01/05/2017,14:34:31,12.766972222222224,-157.58069444444445,405634.90625
01/05/2017,14:34:43,13.366361111111111,-157.12261111111113,405583.3125
01/05/2017,14:34:56,14.014583333333333,-156.62344444444446,405531.34375
01/05/2017,14:35:08,14.611805555555556,-156.1598888888889,405487.0
01/05/2017,14:35:20,15.207944444444443,-155.69352777777777,405446.03125
01/05/2017,14:35:33,15.852444444444444,-155.18494444444445,405405.46875
01/05/2017,14:35:45,16.446083333333334,-154.71227777777776,405371.46875
01/05/2017,14:35:58,17.08775,-154.19658333333334,405338.34375
01/05/2017,14:36:10,17.67863888888889,-153.7170277777778,405311.09375
01/05/2017,14:36:22,18.26813888888889,-153.2339722222222,405287.0
01/05/2017,14:36:35,18.905083333333334,-152.70652777777778,405264.40625
01/05/2017,14:36:47,19.491444444444447,-152.21569444444444,405246.71875
01/05/2017,14:36:59,20.076194444444443,-151.72091666666668,405232.0
01/05/2017,14:37:13,20.756305555555556,-151.13847222222222,405218.53125
01/05/2017,14:37:26,21.38572222222222,-150.59244444444445,405209.46875
01/05/2017,14:37:38,21.964805555555554,-150.08377777777778,405204.0
01/05/2017,14:37:50,22.542,-149.57052777777778,405201.25
01/05/2017,14:38:04,23.212916666666665,-148.9657222222222,405201.34375
01/05/2017,14:38:16,23.785777777777778,-148.44197222222223,405204.1875
01/05/2017,14:38:29,24.403972222222222,-147.86883333333333,405210.0625
01/05/2017,14:38:43,25.066805555555554,-147.24466666666666,405219.5625
01/05/2017,14:38:56,25.6795,-146.65841666666668,405231.15625
01/05/2017,14:39:09,26.28938888888889,-146.06555555555556,405245.375
01/05/2017,14:39:23,26.942916666666665,-145.41938888888888,405263.46875
01/05/2017,14:39:35,27.50027777777778,-144.85899999999998,405281.1875
01/05/2017,14:39:47,28.054944444444445,-144.2923888888889,405300.875
01/05/2017,14:40:00,28.652749999999997,-143.67130555555553,405324.3125
01/05/2017,14:40:12,29.201527777777777,-143.09111111111113,405347.8125
01/05/2017,14:40:26,29.838055555555556,-142.4056388888889,405377.34375
01/05/2017,14:40:38,30.380277777777778,-141.81050000000002,405404.40625
01/05/2017,14:40:51,30.96408333333333,-141.15761111111112,405435.40625
01/05/2017,14:41:03,31.499555555555556,-140.54725,405465.5
01/05/2017,14:41:17,32.11991666666667,-139.8255,405502.28125
01/05/2017,14:41:31,32.73544444444445,-139.09308333333334,405540.71875
01/05/2017,14:41:43,33.259027777777774,-138.45655555555555,405574.875
01/05/2017,14:41:57,33.86508333333334,-137.70344444444444,405616.03125
01/05/2017,14:42:09,34.38027777777778,-137.04874999999998,405652.28125
01/05/2017,14:42:23,34.97616666666667,-136.27386111111113,405695.625
01/05/2017,14:42:35,35.48233333333334,-135.59997222222222,405733.59375
01/05/2017,14:42:48,36.02575,-134.85958333333332,405775.40625
01/05/2017,14:43:00,36.522666666666666,-134.1663888888889,405814.5625
01/05/2017,14:43:14,37.096472222222225,-133.34550000000002,405860.78125
01/05/2017,14:43:26,37.583083333333335,-132.63122222222222,405900.78125
01/05/2017,14:43:39,38.10461111111111,-131.84611111111113,405944.40625
01/05/2017,14:43:51,38.58063888888889,-131.11072222222222,405984.8125
01/05/2017,14:44:03,39.051361111111106,-130.3648611111111,406025.28125
01/05/2017,14:44:16,39.555138888888884,-129.54483333333334,406069.09375
01/05/2017,14:44:28,40.01425,-128.77658333333335,406109.4375
01/05/2017,14:44:40,40.46752777777778,-127.99727777777778,406149.53125
01/05/2017,14:44:54,40.98877777777778,-127.07388888888889,406195.96875
01/05/2017,14:45:07,41.46519444444445,-126.20252777777777,406238.59375
01/05/2017,14:45:19,41.89830555555555,-125.38611111111112,406277.4375
01/05/2017,14:45:32,42.36002777777778,-124.48836111111112,406318.875
01/05/2017,14:45:44,42.77916666666667,-123.64722222222223,406356.4375
01/05/2017,14:45:56,43.19130555555555,-122.79402777777777,406393.28125
01/05/2017,14:46:09,43.62961111111111,-121.85594444444443,406432.25
01/05/2017,14:46:21,44.0265,-120.97716666666666,406467.28125
01/05/2017,14:46:33,44.41577777777778,-120.08597222222222,406501.34375
01/05/2017,14:46:46,44.828611111111115,-119.10638888888889,406537.0625
01/05/2017,14:47:00,45.26261111111111,-118.03491666666666,406574.03125
01/05/2017,14:47:12,45.625638888888886,-117.10280555555555,406604.40625
01/05/2017,14:47:24,45.980111111111114,-116.158,406633.5
01/05/2017,14:47:37,46.35425,-115.12013888888889,406663.46875
01/05/2017,14:47:50,46.71786111111111,-114.06741666666666,406691.78125
01/05/2017,14:48:04,47.09730555555556,-112.91711111111111,406720.3125
01/05/2017,14:48:17,47.438111111111105,-111.83369444444443,406744.875
01/05/2017,14:48:29,47.742555555555555,-110.8206111111111,406765.875
01/05/2017,14:48:43,48.08519444444445,-109.6231111111111,406788.21875
01/05/2017,14:48:55,48.36783333333334,-108.5835,406805.46875
01/05/2017,14:49:09,48.684416666666664,-107.35552777777777,406823.3125
01/05/2017,14:49:23,48.986472222222226,-106.1116111111111,406838.625
01/05/2017,14:49:35,49.233583333333335,-105.03302777777778,406849.6875
01/05/2017,14:49:49,49.50783333333333,-103.76063888888889,406860.0625
01/05/2017,14:50:01,49.730583333333335,-102.6583888888889,406866.78125
01/05/2017,14:50:14,49.95888888888889,-101.45255555555556,406871.75
01/05/2017,14:50:26,50.15738888888889,-100.32913888888889,406874.15625
01/05/2017,14:50:38,50.34397222222223,-99.19616666666667,406874.40625
01/05/2017,14:50:52,50.546305555555556,-97.863,406871.96875
01/05/2017,14:51:04,50.70644444444445,-96.71105555555556,406867.5
01/05/2017,14:51:17,50.865861111111116,-95.45419444444445,406860.15625
01/05/2017,14:51:31,51.02097222222222,-94.09105555555556,406849.28125
01/05/2017,14:51:44,51.14944444444444,-92.81716666666667,406836.40625
01/05/2017,14:51:58,51.27086111111111,-91.43747222222223,406819.5
01/05/2017,14:52:11,51.36775,-90.14997222222223,406801.0
01/05/2017,14:52:24,51.44925,-88.85719444444445,406779.75
01/05/2017,14:52:37,51.51522222222222,-87.56005555555555,406755.75
01/05/2017,14:52:49,51.56227777777777,-86.35958333333333,406731.15625
01/05/2017,14:53:01,51.59602777777778,-85.15686111111111,406704.21875
01/05/2017,14:53:14,51.6175,-83.85225,406672.375
01/05/2017,14:53:26,51.62336111111111,-82.64725,406640.53125
01/05/2017,14:53:38,51.614583333333336,-81.3418611111111,406603.40625
01/05/2017,14:53:51,51.592555555555556,-80.13775000000001,406566.6875
01/05/2017,14:54:03,51.557138888888886,-78.93522222222222,406527.625
01/05/2017,14:54:17,51.499,-77.53525,406479.15625
01/05/2017,14:54:29,51.434777777777775,-76.3386111111111,406435.09375
01/05/2017,14:54:43,51.34316666666667,-74.94747222222223,406380.84375
01/05/2017,14:54:56,51.24213888888889,-73.66133333333335,406327.71875
01/05/2017,14:55:08,51.135333333333335,-72.47972222222222,406276.375
01/05/2017,14:55:20,51.01566666666667,-71.30413888888889,406222.8125
01/05/2017,14:55:33,50.871583333333334,-70.0381111111111,406162.375
01/05/2017,14:55:45,50.72541666666667,-68.87702777777777,406104.34375
01/05/2017,14:55:59,50.53916666666667,-67.53238888888889,406034.0
